,MMSI,duration_max,duration_min,max_accel,min_accel,max_rot,min_rot,target
0,203877400,20519.0,2341.0,8.187134502923976e-06,-3.4332084893882653e-06,27.599999999999994,0.0,0.0
1,205713000,16729.0,3039.0,1.9157088122605295e-06,-2.3809523809523795e-06,4.344827586206826,0.0,0.0
2,209393000,6089.0,6089.0,2.450980392156861e-06,-3.6231884057970958e-06,2.238805970149254,0.07038123167156025,0.0
3,209590000,6970.0,6970.0,2.6773761713520773e-06,-3.3167495854062977e-06,4.615384615384616,0.0,0.0
4,209795000,13390.0,0.0,6.613756613756613e-06,-1.543209876543177e-06,15.600000000000135,0.0,0.0
5,209798000,12336.0,942.0,1.6339869281045984e-06,-4.629629629629695e-06,15.999999999999943,0.0,0.0
6,210000002,3489.0,3489.0,4.5762401610836537e-07,0.0,7.88285714285714,0.0,1.0
7,210000003,2814.0,2814.0,-0.0,-0.0,318.8999999999999,0.0,1.0
8,210000004,231.0,231.0,0.0,-7.212139389096651e-10,43.056338028169,0.0,1.0
9,210000005,223.0,223.0,-0.0,-0.0,44.18260869565218,0.0,1.0
10,210000006,3781.0,3781.0,0.0,-7.98074406073027e-09,10.516666666666659,0.0,1.0
11,210000007,2986.0,2986.0,-0.0,-0.0,10.520833333333334,0.0,1.0
12,210000008,9313.0,9313.0,1.7041581458759373e-06,-2.0729684908789387e-06,11.261194029850751,0.0,1.0
13,210000009,2373.0,2373.0,1.7041581458759373e-06,-2.0729684908789387e-06,21.461194029850752,0.0,1.0
14,210263000,18090.0,0.0,2.7777777777777677e-06,-3.220611916264093e-06,8.112676056338048,0.0,0.0
15,210562000,12659.0,0.0,4.629629629629695e-06,-4.629629629629695e-06,17.5,0.0,0.0
16,210684000,15881.0,3779.0,8.051529790660269e-07,-2.7777777777777677e-06,6.879999999999999,0.0,0.0
17,210921000,17871.0,2241.0,1.1111111111111122e-05,-6.944444444444419e-06,23.25000000000017,0.0,0.0
18,210930000,11550.0,2570.0,5.446623093681994e-07,-1.5432098765432045e-06,1.4000000000000057,0.0,0.0
19,211002010,5487016.0,5487016.0,9.751773049645402e-06,-2.4583174575191932e-09,0.8297872340425604,0.0009710994037252816,0.0
20,212272000,19320.0,2610.0,2.923976608187124e-06,-4.3859649122807124e-06,10.0,0.0,0.0
21,212275000,1239271.0,2660.0,1.388888888888889e-05,-3.4722222222222097e-06,9.441624365482234,0.0,0.0
22,215000154,21929.0,5130.0,2.0609318996415768e-05,-1.2896825396825403e-05,78.1978021978022,0.0,0.0
23,215181000,12738.0,1416.0,4.629629629629641e-06,-1.5432098765432318e-06,5.500000000000043,0.0,0.0
24,215251000,12762.0,270.0,4.629629629629531e-06,-2.1367521367521674e-06,5.684210526315736,0.0,0.0
25,215771000,9259.0,0.0,1.1904761904761931e-06,-1.1904761904761792e-06,1.7142857142857142,0.0,0.0
26,218433000,16041.0,1770.0,2.1367521367521293e-06,-1.7636684303350987e-06,12.089552238805972,0.0,0.0
27,218509000,12638.0,7549.0,4.1152263374485575e-06,-2.7386541471048486e-06,1.9999999999999853,0.0,0.0
28,218629000,18383.0,1356.0,2.7777777777778173e-06,-3.1746031746031776e-06,5.2394366197183,0.0,0.0
29,218643000,25011.0,0.0,2.7777777777778173e-06,-1.3888888888889086e-06,7.799999999999726,0.0,0.0
30,218650000,11799.0,0.0,4.208754208754268e-07,-4.2735042735043345e-07,0.41379310344828174,0.0,0.0
31,218826000,17080.0,145.0,5.5555555555555355e-06,-1.6666666666666708e-05,59.99999999999999,0.0,0.0
32,219059000,10865.0,2622.0,1.3550135501354964e-06,-1.2626262626262656e-06,4.656716417910438,0.0,0.0
33,219135000,10800.0,0.0,4.629629629629531e-06,-2.136752136752137e-06,8.399999999999862,0.0,0.0
34,219145000,7314.0,0.0,4.553734061930686e-07,-6.105006105006083e-07,2.4374999999999947,0.0,0.0
35,219239000,21419.0,110.0,3.4722222222222097e-06,-3.08641975308642e-06,10.985915492957746,0.0,0.0
36,219242000,1123300.0,639.0,3.220611916264086e-06,-4.428341384863123e-06,19.200000000000014,0.0,0.0
37,219249000,15919.0,439.0,1.3888888888889086e-06,-2.946127946127943e-06,2.5161290322580627,0.0,0.0
38,219256000,11069.0,0.0,3.7037037037036906e-06,-2.2222222222222244e-05,6.599999999999965,0.0,0.0
39,219270000,79221.0,1751.0,3.571428571428571e-06,-2.5252525252525164e-06,62.43478260869567,0.0,0.0
40,219324000,3407.0,966.0,4.553734061930686e-07,-4.553734061930686e-07,1.2727272727272778,0.0,0.0
41,219398000,6170.0,742.0,2.44468891333578e-07,-1.1261261261261222e-06,0.5142857142857338,0.03010033444816168,0.0
42,219776000,13327.0,576.0,1.7361111111111358e-06,-1.543209876543177e-06,3.1714285714285735,0.0,0.0
43,219791000,9522.0,0.0,7.215007215007189e-07,-2.3148148148148474e-06,11.000000000000014,0.0,0.0
44,219840000,14892.0,774.0,4.629629629629531e-06,-2.3148148148148474e-06,8.419354838709696,0.0,0.0
45,220059000,10789.0,127.0,8.417508417508387e-07,-9.107468123861534e-07,2.608695652173913,0.0,0.0
46,220263000,13573.0,311.0,9.259259259259227e-06,-4.629629629629531e-06,10.0,0.0,0.0
47,220397000,11112.0,258.0,2.923976608187176e-06,-6.944444444444461e-06,8.903225806451603,0.0,0.0
48,220402000,19769.0,401.0,3.086419753086409e-06,-1.329787234042551e-06,6.666666666666667,0.0,0.0
49,220560000,509308.0,509308.0,3.968253968254025e-07,-1.6436554898093592e-07,0.42857142857142855,0.0,0.0
50,220561000,7850.0,4790.0,1.1737089201877892e-06,-1.2484394506866427e-06,4.177215189873418,0.03285420944558569,0.0
51,220596000,10680.0,246.0,2.3148148148147657e-06,-2.136752136752091e-06,8.999999999999986,0.0,0.0
52,220597000,7086.0,2550.0,1.2820512820512852e-06,-3.968253968253884e-06,2.4666666666666686,0.0,0.0
53,227154130,19380.0,19380.0,5.009107468123862e-06,-4.369538077403247e-06,9.442622950819665,0.0,0.0
54,228316800,13914.0,0.0,6.944444444444419e-06,-2.700617283950621e-06,31.000000000000085,0.0,0.0
55,228337900,10584.0,71.0,1.8214936247723069e-06,-1.3550135501354964e-06,3.230769230769231,0.0,0.0
56,228340900,12066.0,250.0,7.936507936507909e-06,-2.2401433691756272e-06,5.322580645161291,0.0,0.0
57,229353000,4711.0,1270.0,1.0162601626016283e-06,-3.4722222222222097e-06,0.8450704225352113,0.0,0.0
58,229697000,19169.0,1561.0,2.7777777777778173e-06,-3.086419753086409e-06,8.999999999999998,0.0,0.0
59,229792000,19690.0,551.0,1.322751322751318e-06,-9.259259259259227e-07,6.7826086956521845,0.0,0.0
60,232007052,14167.0,4953.0,4.901960784313722e-06,-1.709401709401711e-05,17.538461538461526,0.0,0.0
61,232011317,17747.0,3087.0,9.259259259259227e-06,-2.450980392156861e-06,7.799999999999983,0.0,0.0
62,232012089,7221.0,239.0,1.0548523206751017e-06,-4.0257648953300985e-07,0.8695652173913044,0.0,0.0
63,235009410,41739.0,41739.0,4.074074074074074e-06,-4.4802867383512545e-06,22.0,0.0,0.0
64,235010710,12564.0,252.0,2.3148148148147657e-06,-4.629629629629695e-06,5.454545454545454,0.0,0.0
65,235076283,1395687.0,0.0,4.0574282147315844e-06,-3.968253968253968e-06,36.264705882352914,0.0,0.0
66,235086166,12539.0,1460.0,6.944444444444419e-07,-3.4722222222222097e-06,1.799999999999995,0.0,0.0
67,235090269,20231.0,130.0,2.5252525252525164e-06,-2.7777777777778173e-06,4.6666666666666385,0.0,0.0
68,235093185,17579.0,1099.0,1.5873015873015888e-06,-1.406469760900142e-06,3.4285714285714164,0.0,0.0
69,235093569,3042101.0,360.0,3.968253968254025e-06,-2.5252525252525313e-06,9.428571428571379,0.0,0.0
70,235093619,18031.0,960.0,2.3148148148148474e-06,-2.946127946127943e-06,14.999999999999998,0.0,0.0
71,235098885,2465.0,1181.0,1.1574074074074101e-06,-7.824726134585262e-07,2.6666666666667047,0.0,0.0
72,235101304,10739.0,2827.0,1.2820512820512852e-06,-3.086419753086409e-06,3.913043478260869,0.0,0.0
73,235102466,17071.0,411.0,1.054852320675108e-06,-9.259259259259227e-07,1.7391304347826089,0.0,0.0
74,235102677,10476.0,402.0,4.6296296296296135e-06,-3.36700336700337e-06,4.181818181818202,0.0,0.0
75,235102678,11100.0,1002.0,5.555555555555635e-06,-2.946127946127943e-06,3.3333333333333335,0.0,0.0
76,236111696,2640.0,2640.0,3.516174402250339e-07,-2.923906075365141e-09,3.1714285714285615,0.14654377880184286,0.0
77,240284000,67110.0,4040.0,1.9890260631001377e-05,-2.4154589371980676e-05,69.56521739130436,0.0,0.0
78,240679000,20659.0,171.0,3.086419753086409e-06,-2.7777777777777677e-06,6.0,0.0,0.0
79,241116000,20320.0,3330.0,3.0864197530864636e-06,-7.824726134585331e-07,5.999999999999999,0.0,0.0
80,241282000,20001.0,438.0,1.0683760683760646e-06,-2.7777777777777677e-06,7.741935483870969,0.0,0.0
81,241330000,242101.0,4040.0,2.4999999999999998e-06,-2.160493827160497e-06,24.606741573033705,0.0,0.0
82,241468000,604458.0,604458.0,5.544853987359955e-10,-2.5720164609053863e-08,0.5,0.014851485148514853,0.0
83,241529000,23811.0,109.0,3.5211267605633745e-06,-1.944444444444442e-05,20.40000000000003,0.0,0.0
84,241530000,1044299.0,2600.0,1.2345679012345675e-05,-3.6231884057971025e-06,61.999999999999886,0.0,0.0
85,241643000,4189.0,4189.0,5.555555555555536e-07,-6.858710562414242e-07,2.4857142857142662,0.0,0.0
86,244870311,16478.0,959.0,1.5432098765432318e-06,-3.4722222222222097e-06,5.0,0.0,0.0
87,244958000,667.0,667.0,3.805175038051805e-07,-4.208754208754268e-07,1.1818181818181792,0.1775147928994083,0.0
88,245206000,5743.0,1519.0,4.208754208754268e-07,-4.145936981757862e-07,1.416666666666681,0.0,0.0
89,245634000,13689.0,7021.0,1.2626262626262582e-06,-9.832841691248779e-07,18.00000000000002,0.0,0.0
90,246662000,14027.0,170.0,2.3148148148148067e-06,-2.178649237472769e-06,14.773584905660375,0.0,0.0
91,248089000,24079.0,270.0,3.912363067292645e-06,-4.025764895330113e-06,5.9999999999998135,0.0,0.0
92,248389000,20279.0,110.0,2.5252525252525164e-06,-1.2077294685990368e-06,10.19999999999993,0.0,0.0
93,248390000,17474.0,1779.0,4.025764895330113e-06,-4.365079365079372e-06,5.999999999999902,0.0,0.0
94,248426000,11730.0,780.0,1.6666666666666708e-05,-2.3809523809523725e-05,8.999999999999773,0.0,0.0
95,248473000,14718.0,0.0,5.401234567901229e-06,-4.6296296296296296e-06,10.400000000000006,0.0,0.0
96,248492000,23710.0,2650.0,2.923976608187124e-06,-4.385964912280686e-06,11.803278688524589,0.0,0.0
97,248649000,10159.0,1218.0,1.9561815336463224e-06,-2.3148148148148474e-06,6.000000000000227,0.0,0.0
98,248699000,11292.0,0.0,2.1367521367521674e-06,-1.7806267806267806e-06,9.230769230769232,0.0,0.0
99,248895000,14614.0,941.0,9.259259259259227e-06,-1.3888888888889086e-06,12.954545454545453,0.0,0.0
100,248951000,13400.0,1339.0,1.3661202185792382e-06,-2.8735632183908114e-06,6.299999999999982,0.0,0.0
101,249055000,1276595.0,2000.0,1.5649452269170593e-06,-1.8518518518518453e-06,10.200000000000015,0.0,0.0
102,249167000,12660.0,1116.0,2.3148148148148474e-06,-6.944444444444461e-06,18.499999999999943,0.0,0.0
103,249202000,19053.0,822.0,7.359924026590692e-06,-7.936507936507909e-06,26.571428571428644,0.0,0.0
104,249460000,13050.0,0.0,1.0416666666666631e-06,-1.7146776406035665e-06,8.571428571428571,0.0,0.0
105,249690000,285060.0,37089.0,2.7322404371584726e-06,-7.824726134585279e-07,23.151515151515145,0.0,0.0
106,249783000,12048.0,2303.0,1.1243386243386239e-05,-9.736540664375712e-06,5.0,0.0,0.0
107,249982000,2804384.0,2316.0,2.5252525252525164e-06,-2.7777777777777677e-06,6.049999999999983,0.0,0.0
108,255804340,18971.0,1561.0,6.712962962962964e-06,-5.464480874316945e-06,62.53691275167785,0.0,0.0
109,255805750,9259.0,230.0,3.418803418803422e-06,-2.500000000000001e-05,22.000000000000078,0.0,0.0
110,255805776,15830.0,2478.0,1.5432098765432045e-06,-1.8518518518518453e-06,6.54545454545456,0.0,0.0
111,255805787,3054970.0,732.0,4.115226337448563e-06,-3.968253968254025e-06,38.57142857142857,0.0,0.0
112,255806037,2927634.0,540.0,1.5432098765432318e-06,-3.968253968254025e-06,6.499999999999986,0.0,0.0
113,255806170,11592.0,0.0,2.3148148148147657e-06,-1.1111111111111071e-05,6.8955223880596925,0.0,0.0
114,255806172,9634.0,1940.0,4.480286738351239e-07,-9.009009009009003e-07,1.4366197183098615,0.0,0.0
115,256062000,12432.0,1314.0,5.555555555555437e-06,-5.555555555555635e-06,16.499999999999986,0.0,0.0
116,256137000,18520.0,6190.0,1.461988304093562e-06,-2.3809523809523795e-06,18.300000000000065,0.0,0.0
117,256186000,18811.0,4661.0,2.4154589371980664e-06,-2.5000000000000006e-06,2.571428571428571,0.0,0.0
118,256204000,11461.0,2130.0,5.050505050505033e-06,-3.36700336700337e-06,11.454545454545423,0.0,0.0
119,256300000,13644.0,0.0,8.417508417508387e-07,-1.6339869281045406e-06,3.5294117647058822,0.0,0.0
120,256408000,18850.0,921.0,7.936507936507909e-07,-1.2077294685990296e-06,3.639344262295098,0.0,0.0
121,256604000,12558.0,0.0,4.629629629629695e-06,-7.716049382716159e-07,10.0,0.0,0.0
122,256886000,16626.0,2209.0,4.6296296296296135e-06,-2.3148148148148474e-06,9.000000000000057,0.0,0.0
123,256930000,5928.0,3169.0,3.561253561253549e-07,-9.077705156136496e-08,1.453287197231834,0.0,0.0
124,256938000,12859.0,516.0,1.2626262626262656e-06,-9.803921568627474e-07,11.999999999999998,0.0,0.0
125,256985000,16434.0,857.0,1.543209876543177e-06,-1.3661202185792382e-06,3.6363636363636362,0.0,0.0
126,256989000,2539542.0,78.0,8.547008547008517e-07,-5.555555555555437e-06,5.454545454545454,0.0,0.0
127,257179000,11867.0,355.0,9.25925925925931e-06,-3.64298724954463e-06,50.0,0.0,0.0
128,257394000,1591.0,139.0,1.2756729174639576e-07,-3.9682539682539545e-07,1.7142857142857142,0.0,0.0
129,257501000,20410.0,1990.0,4.166666666666668e-06,-6.006006006006007e-06,45.549295774647916,0.0,0.0
130,257864000,9384.0,0.0,3.47222222222222e-06,-2.946127946127943e-06,6.0,0.0,0.0
131,257891000,10331.0,880.0,4.0257648953300985e-07,-4.0257648953300985e-07,2.5714285714285645,0.0,0.0
132,258028000,25490.0,850.0,2.8594771241830073e-06,-3.220611916264086e-06,11.294117647058833,0.0,0.0
133,258444000,13371.0,1110.0,3.5211267605633817e-06,-1.010101010101011e-05,8.181818181818182,0.0,0.0
134,258599000,22900.0,1999.0,2.7777777777777677e-06,-1.984126984126984e-06,5.454545454545454,0.0,0.0
135,258640000,427691.0,1834.0,2.136752136752137e-06,-1.0822510822510847e-06,3.6363636363636362,0.0,0.0
136,258775000,6212.0,0.0,8.051529790660269e-07,-9.107468123861534e-07,1.7142857142857142,0.0,0.0
137,259291000,492732.0,0.0,3.08641975308642e-06,-1.1904761904761903e-05,3.0909090909090957,0.0,0.0
138,259781000,8826.0,2232.0,4.738562091503267e-06,-1.3932887480933944e-06,6.000000000000024,0.0,0.0
139,259786000,12287.0,209.0,9.107468123861695e-07,-1.322751322751318e-06,3.8181818181818334,0.0,0.0
140,259895000,5694.0,5694.0,3.4722222222222716e-07,-3.3738191632928356e-07,0.7868852459016504,0.022598870056497498,0.0
141,259928000,19173.0,872.0,9.259259259259227e-07,-4.6296296296296135e-06,9.000000000000341,0.0,0.0
142,266338000,17255.0,204.0,7.936507936507909e-06,-1.7676767676767703e-05,18.857142857143003,0.0,0.0
143,266339000,7229.0,963.0,2.9914529914529885e-06,-7.1548821548821596e-06,5.114754098360644,0.07792207792209564,0.0
144,303273000,172870.0,580.0,2.777777777777776e-05,-3.3068783068783064e-05,255.77142857142854,0.0,0.0
145,303281000,21281.0,4471.0,1.010101010101011e-05,-2.402402402402402e-05,100.26,0.0,0.0
146,303284000,12861.0,10110.0,2.7777777777778173e-06,-1.1111111111111122e-05,2.399999999999863,0.0,0.0
147,303656000,12632.0,2669.0,4.553734061930767e-07,-3.9682539682539545e-07,1.0285714285714431,0.0,0.0
148,303852000,138593.0,0.0,1.6666666666666657e-05,-1.8115942028985507e-05,131.69620253164558,0.0,0.0
149,303981000,3795.0,3795.0,1.3468013468013463e-05,-3.9123630672926465e-06,20.347826086956502,0.06741573033707841,0.0
150,304414000,8330.0,740.0,1.3888888888888839e-06,-1.2254901960784342e-06,2.294117647058831,0.0,0.0
151,304577000,12102.0,486.0,4.629629629629695e-06,-2.3148148148148067e-06,15.0,0.0,0.0
152,305222000,20500.0,922.0,1.5873015873015888e-06,-3.0864197530864636e-06,8.300000000000011,0.0,0.0
153,305885000,16644.0,72.0,1.3888888888888922e-05,-4.6296296296296135e-06,9.000000000000057,0.0,0.0
154,308015000,12785.0,732.0,8.547008547008517e-07,-1.6339869281045984e-06,2.1818181818182127,0.0,0.0
155,308121000,9072.0,1751.0,8.547008547008517e-07,-8.417508417508387e-07,1.7910447761194033,0.0,0.0
156,308371000,66181.0,512.0,4.012345679012346e-06,-5.555555555555555e-06,53.99999999999999,0.0,0.0
157,308461000,17840.0,73.0,1.7689806846433348e-06,-2.7565733672603915e-06,11.000000000000004,0.0,0.0
158,308705000,13644.0,0.0,1.1574074074074073e-05,-1.1111111111111112e-05,20.500000000000114,0.0,0.0
159,308717000,15291.0,321.0,1.388888888888889e-05,-6.944444444444419e-06,11.400000000000032,0.0,0.0
160,308871000,18060.0,350.0,2.5252525252525613e-06,-1.1737089201877961e-06,6.666666666666667,0.0,0.0
161,309168000,10243.0,0.0,1.282051282051285e-05,-1.1904761904761934e-05,6.638297872340428,0.0,0.0
162,309253000,9594.0,0.0,1.388888888888888e-06,-2.777777777777775e-06,4.950000000000003,0.0,0.0
163,309484000,1118183.0,0.0,2.7777777777777927e-06,-6.172839506172872e-06,16.91666666666668,0.0,0.0
164,309689000,1544695.0,0.0,1.5649452269170525e-06,-2.1043771043771042e-06,1.47826086956522,0.0,0.0
165,309933000,1389097.0,2843.0,2.7386541471048486e-06,-2.13675213675214e-06,9.685714285714283,0.0,0.0
166,309955000,15545.0,1680.0,7.631257631257631e-06,-7.71604938271605e-06,71.05263157894737,0.0,0.0
167,310327000,599109.0,0.0,9.25925925925939e-06,-6.944444444444461e-06,6.499999999999915,0.0,0.0
168,310361000,16119.0,0.0,1.010101010101011e-05,-5.787037037037037e-06,32.956521739130416,0.0,0.0
169,310459000,7571.0,5443.0,2.136752136752137e-06,-4.2087542087542085e-06,3.7272727272727475,0.0,0.0
170,310531000,8256.0,1283.0,2.1043771043771042e-06,-9.259259259259227e-06,22.99999999999997,0.0,0.0
171,310654000,586161.0,339.0,7.575757575757571e-06,-1.0101010101010098e-05,44.72727272727266,0.0,0.0
172,310661000,12288.0,1160.0,1.3888888888888839e-06,-8.051529790660197e-07,5.217391304347826,0.0,0.0
173,310765000,14213.0,0.0,9.107468123861534e-07,-3.968253968254025e-06,27.42857142857133,0.0,0.0
174,311000014,11126.0,0.0,2.4154589371980664e-06,-7.175925925925925e-06,17.85,0.0,0.0
175,311000103,5628.0,763.0,8.547008547008517e-07,-1.2626262626262656e-06,2.2727272727272725,0.0,0.0
176,311000144,20120.0,6640.0,1.2626262626262626e-05,-6.441223832528186e-06,75.81818181818184,0.0,0.0
177,311000316,21559.0,2770.0,3.174603174603174e-06,-3.052503052503053e-06,20.52173913043478,0.0,0.0
178,311000368,4634524.0,280.0,4.629629629629655e-06,-2.777777777777782e-06,8.249999999999998,0.0,0.0
179,311000379,13482.0,455.0,1.2437810945273588e-06,-1.2820512820512775e-06,3.9428571428571377,0.0,0.0
180,311000382,20030.0,0.0,2.7777777777777677e-06,-2.222222222222224e-06,5.100000000000008,0.0,0.0
181,311000410,10818.0,210.0,4.901960784313679e-06,-4.629629629629695e-06,19.71428571428581,0.0,0.0
182,311000413,20029.0,1770.0,2.5252525252525164e-06,-9.107468123861534e-07,3.8181818181817557,0.0,0.0
183,311000421,583887.0,0.0,2.0424836601307187e-06,-2.4005486968449905e-06,2.142857142857143,0.0,0.0
184,311000519,19360.0,6841.0,9.578544061302647e-07,-8.051529790660197e-07,3.1578947368421053,0.0,0.0
185,311000667,7788.0,500.0,1.5873015873015888e-06,-2.5252525252525313e-06,4.962962962962976,0.01113172541743907,0.0
186,311000742,35328.0,6041.0,1.1904761904761897e-06,-3.812636165577343e-06,50.842105263157904,0.0,0.0
187,311000743,4999.0,4999.0,5.910165484633548e-07,-7.122507122507161e-07,9.063829787234043,0.015686274509803866,0.0
188,311000748,14810.0,2241.0,1.984126984126984e-06,-2.7777777777777677e-06,13.885714285714288,0.0,0.0
189,311000760,13368.0,1614.0,4.2735042735042583e-07,-6.4599483204133e-07,2.0000000000000107,0.0,0.0
190,311000782,15642.0,780.0,1.5432098765432045e-06,-2.3148148148148067e-06,5.638554216867457,0.0,0.0
191,311000788,7211.0,749.0,1.1574074074074101e-06,-8.547008547008669e-07,1.4025974025974115,0.0,0.0
192,311000846,2740922.0,330.0,4.629629629629695e-06,-4.6296296296296135e-06,6.895522388059705,0.0,0.0
193,311000921,11790.0,984.0,4.629629629629531e-06,-1.406469760900148e-06,8.886075949367092,0.0,0.0
194,311004900,11549.0,3449.0,4.298941798941801e-06,-1.1111111111111071e-05,6.8,0.0,0.0
195,311012800,1540018.0,0.0,2.7777777777777677e-06,-5.642361111111114e-06,24.375,0.0,0.0
196,311017100,7506.0,7506.0,1.596424010217108e-07,-2.746295849744125e-07,0.759493670886076,0.0,0.0
197,311054400,12695.0,0.0,2.3148148148148067e-06,-4.6296296296296135e-06,6.909090909090903,0.0,0.0
198,311056900,22640.0,2392.0,1.9157088122605295e-06,-1.5873015873015818e-06,3.0434782608695654,0.0,0.0
199,311062400,16542.0,3240.0,1.3888888888888839e-05,-3.968253968254025e-06,19.6875,0.0,0.0
200,311070400,20639.0,530.0,7.610350076103542e-07,-5.804311774461029e-06,30.26865671641792,0.0,0.0
201,311536000,6432.0,4296.0,3.333333333333341e-06,-9.259259259259282e-07,7.200000000000001,0.0,0.0
202,311594000,7008.0,7008.0,1.5432098765432045e-06,-8.417508417508387e-07,3.3333333333333335,0.0,0.0
203,311907000,7891.0,7891.0,4.3402777777778394e-07,-4.208754208754119e-07,1.3636363636363635,0.0,0.0
204,316015480,24443.0,8610.0,1.2152777777777777e-05,-1.0304659498207884e-05,21.272727272727145,0.0,0.0
205,316031628,16080.0,750.0,4.553734061930783e-06,-5.9300873907615466e-06,8.722689075630258,0.0,0.0
206,316036763,23853.0,13920.0,3.745318352059923e-06,-7.0028011204481795e-06,13.770491803278686,0.006000000000000014,0.0
207,316041123,12150.0,6127.0,7.575757575757578e-06,-1.8518518518518515e-05,13.2000000000001,0.0,0.0
208,319091800,12426.0,503.0,7.936507936507979e-06,-4.6296296296296135e-06,14.000000000000057,0.0,0.0
209,319577000,9570.0,9570.0,2.3946360153256706e-05,-8.114856429463176e-06,4.549450549450554,0.0,0.0
210,319740000,15002.0,3710.0,5.555555555555555e-06,-6.116207951070335e-06,23.595505617977526,0.0,0.0
211,338025608,38525.0,0.0,6.830601092896175e-06,-1.0304659498207884e-05,32.516129032258036,0.0,0.0
212,338034287,360.0,360.0,1.0228400175928484e-08,-9.578544061302819e-07,4.137931034482759,0.19672131147539862,0.0
213,338172203,1410099.0,0.0,7.469135802469136e-05,-1.555555555555556e-05,63.12,0.002668575291489715,0.0
214,338208221,342440.0,0.0,4.1666666666666665e-05,-0.00015555555555555554,76.60000000000001,0.0,0.0
215,338209669,695.0,240.0,1.3575015693659762e-05,-2.702702702702703e-05,20.990936555891242,2.474576271186435,0.0
216,338231624,1723188.0,750.0,7.677275265214967e-06,-3.121098626716427e-07,3.5581395348837366,0.0,0.0
217,338232506,2699.0,0.0,1.2654320987654304e-05,-3.3950617283950663e-06,3.964968152866242,0.00021509307067069637,0.0
218,338320958,861780.0,0.0,2.5061972781568937e-09,-1.5778308141076637e-05,5.699284009546541,0.0003762410729838031,0.0
219,338805000,10458.0,10458.0,9.259259259259257e-06,-1.388888888888889e-05,30.608695652173918,0.06666666666667236,0.0
220,338807000,1116.0,1116.0,2.020202020202031e-06,-1.9290123456790124e-06,3.6880733944954067,0.30769230769231204,0.0
221,338824000,3968.0,3968.0,7.82472613458529e-06,-1.2205387205387207e-05,28.025316455696185,0.16901408450704467,0.0
222,338850000,1134.0,442.0,5.012077294685991e-06,-2.7186761229314416e-05,13.466666666666663,0.0,0.0
223,339301190,26560.0,819.0,3.0864197530864636e-06,-9.259259259259227e-06,17.999999999999925,0.0,0.0
224,345000000,35978.0,35978.0,2.616189596799014e-06,-5.555555555555556e-06,19.736842105263158,0.0,0.0
225,351047000,16310.0,969.0,3.086419753086409e-06,-5.050505050505033e-06,10.0,0.0,0.0
226,351075000,1250909.0,0.0,5.233494363929149e-06,-8.333333333333305e-06,35.820895522388064,0.0,0.0
227,351322000,2571176.0,71.0,2.4154589371980664e-06,-3.798670465337131e-06,24.41860465116279,0.0,0.0
228,351340000,10860.0,3570.0,1.2437810945273662e-06,-1.6583747927031448e-06,2.1818181818182127,0.0,0.0
229,351405000,18421.0,7110.0,1.3550135501355085e-06,-1.8343815513626816e-06,14.173913043478272,0.0,0.0
230,351421000,12000.0,3849.0,8.960573476702478e-07,-3.4722222222222097e-06,5.803278688524623,0.0,0.0
231,351446000,12732.0,588.0,4.629629629629531e-06,-5.050505050505033e-06,3.3333333333333335,0.0,0.0
232,351522000,9090.0,2080.0,7.936507936507909e-07,-1.5649452269170525e-06,9.60000000000005,0.0,0.0
233,351684000,7230.0,6271.0,5.668934240362792e-07,-4.0257648953300985e-07,4.140845070422516,0.0,0.0
234,351733000,3798.0,3798.0,4.208754208754268e-07,-4.2735042735042583e-07,1.8181818181818181,0.0,0.0
235,351848000,11652.0,366.0,2.5252525252525613e-06,-1.8518518518518453e-06,2.818181818181787,0.0,0.0
236,352057000,21218.0,5649.0,1.7361111111111112e-06,-1.5649452269170593e-06,8.666666666666554,0.0,0.0
237,352071000,21839.0,0.0,4.166666666666668e-06,-6.172839506172842e-06,41.33333333333336,0.0,0.0
238,352135000,6264.0,3894.0,2.7777777777777847e-06,-2.946127946127943e-06,1.0909090909090804,0.0,0.0
239,352514000,4507.0,131.0,2.5641025641025623e-06,-7.936507936507909e-06,42.00000000000005,0.00719026548672557,0.0
240,352888000,13200.0,1299.0,8.333333333333354e-06,-3.086419753086409e-06,7.200000000000101,0.0,0.0
241,352906000,10506.0,966.0,1.6339869281045406e-06,-1.2626262626262656e-06,8.571428571428571,0.0,0.0
242,352948000,15943.0,474.0,5.5555555555555355e-06,-4.6296296296296135e-06,9.599999999999794,0.0,0.0
243,353081000,18358.0,1030.0,1.3888888888889086e-06,-2.4038461538461548e-06,19.03846153846154,0.0,0.0
244,353117000,9750.0,0.0,1.2626262626262508e-06,-1.5649452269170525e-06,2.9411764705882355,0.0,0.0
245,353265000,26411.0,349.0,2.883506343713956e-06,-4.145936981757877e-06,19.701492537313435,0.0,0.0
246,353499000,10477.0,0.0,7.122507122507098e-07,-4.145936981757936e-07,2.538461538461547,0.0,0.0
247,353578000,16960.0,4290.0,1.2077294685990368e-06,-2.92397660818715e-06,4.6451612903225925,0.0,0.0
248,353592000,14406.0,1003.0,9.303561935140873e-07,-1.9290123456790124e-06,3.3333333333333335,0.0,0.0
249,353729000,7446.0,1614.0,7.507507507507613e-07,-4.553734061930686e-07,1.348314606741573,0.0,0.0
250,353961000,32191.0,6719.0,5.050505050505055e-06,-8.051529790660226e-06,7.7142857142857135,0.0,0.0
251,353992000,10000.0,1740.0,1.5873015873015888e-06,-2.032520325203245e-06,3.1578947368421053,0.0,0.0
252,354076000,8977.0,2545.0,2.9461279461279507e-06,-4.629629629629632e-06,3.4285714285714284,0.0,0.0
253,354264000,414037.0,0.0,4.385964912280702e-06,-5.555555555555555e-06,199.89473684210526,0.0,0.0
254,354277000,9565.0,2214.0,2.3148148148148474e-06,-1.0101010101010066e-05,10.0,0.0,0.0
255,354360000,15001.0,5140.0,1.7921146953405115e-06,-1.9157088122605464e-06,4.000000000000016,0.0,0.0
256,354395000,17339.0,5232.0,2.8180354267310758e-06,-2.4968789013732804e-06,35.60655737704919,0.0,0.0
257,354396000,21600.0,171.0,1.543209876543211e-06,-9.157509157509179e-07,2.8571428571428568,0.0,0.0
258,354632000,2831.0,2570.0,4.0257648953300985e-07,-3.9682539682539545e-07,3.79746835443038,0.0,0.0
259,354701000,18879.0,1899.0,1.1904761904761931e-06,-1.5873015873015888e-06,2.173913043478261,0.0,0.0
260,354739000,18241.0,4349.0,2.7777777777777677e-06,-2.2002200220021973e-06,16.29729729729729,0.0,0.0
261,354899000,7207.0,409.0,1.1737089201877961e-06,-2.1367521367521674e-06,2.0307692307692204,0.0,0.0
262,355029000,7200.0,180.0,1.1574074074074073e-05,-3.7037037037037232e-06,12.5,0.0,0.0
263,355082000,3040.0,2337.0,1.6103059581320466e-06,-2.0128824476650566e-06,1.3499999999999976,0.0,0.0
264,355132000,13719.0,2191.0,4.629629629629654e-07,-1.3888888888888839e-06,2.0869565217391357,0.0,0.0
265,355488000,8569.0,3180.0,1.1574074074074101e-06,-1.2626262626262656e-06,1.411764705882353,0.0,0.0
266,355520000,22209.0,10320.0,3.086419753086409e-06,-1.1737089201877961e-06,7.333333333333296,0.0,0.0
267,355663000,19149.0,390.0,2.5252525252525164e-06,-2.4154589371980736e-06,16.782608695652172,0.0,0.0
268,355680000,18239.0,152.0,5.555555555555552e-06,-2.7777777777778173e-06,12.599999999999964,0.0,0.0
269,355768000,500389.0,599.0,1.6835016835016774e-06,-1.461988304093562e-06,3.6363636363636362,0.0,0.0
270,355972000,8651.0,1409.0,5.050505050505032e-07,-5.518763796909473e-07,1.4571428571428717,0.0040436716538617065,0.0
271,356276000,19660.0,779.0,3.0864197530864636e-06,-2.1204410517387614e-06,3.4285714285714284,0.0,0.0
272,356407000,10800.0,378.0,6.038647342995169e-06,-8.366800535475235e-06,12.999999999999972,0.0,0.0
273,356411000,15551.0,8130.0,1.6103059581320466e-06,-5.158730158730154e-06,21.6,0.0,0.0
274,356668000,16899.0,2770.0,1.3888888888889086e-06,-2.6041666666666573e-06,13.2000000000001,0.0,0.0
275,356845000,17351.0,6394.0,5.050505050505033e-06,-2.7777777777777677e-06,5.454545454545454,0.0,0.0
276,356899000,20571.0,2980.0,6.944444444444419e-06,-8.333333333333354e-06,14.499999999999886,0.0,0.0
277,356909000,2958.0,2483.0,4.208754208754268e-07,-4.5537340619308476e-07,0.9230769230769231,0.0,0.0
278,356923000,42758.0,1030.0,4.365079365079363e-06,-2.7777777777777677e-06,14.956521739130451,0.0,0.0
279,356950000,12636.0,7062.0,8.417508417508462e-07,-9.259259259259227e-07,2.535211267605634,0.0,0.0
280,357075000,12570.0,939.0,4.6296296296296135e-06,-3.086419753086409e-06,12.000000000000076,0.0,0.0
281,357147000,11124.0,0.0,2.9021558872305112e-06,-3.187613843351545e-06,4.166666666666667,0.0,0.0
282,357155000,18000.0,1629.0,6.535947712418299e-06,-1.3888888888888839e-05,31.522388059701488,0.0,0.0
283,357254000,19255.0,3510.0,1.2345679012345688e-05,-3.086419753086409e-06,6.666666666666667,0.0,0.0
284,357628000,81141.0,4092.0,2.73224043715847e-06,-4.340277777777778e-06,32.8125,0.0,0.0
285,357658000,16522.0,1690.0,4.0257648953300985e-07,-4.0257648953301345e-07,2.657142857142852,0.0,0.0
286,357694000,13500.0,1307.0,4.629629629629641e-06,-1.7094017094017033e-06,6.461538461538462,0.0,0.0
287,357777000,1395846.0,420.0,5.5555555555555855e-06,-2.7777777777777847e-06,9.000000000000057,0.0,0.0
288,357867000,62090.0,3390.0,1.7006802721088426e-06,-2.222222222222224e-06,9.42,0.0,0.0
289,357880000,9006.0,4446.0,2.3148148148147657e-06,-1.683501683501685e-06,13.785714285714292,0.0,0.0
290,357920000,7800.0,1259.0,1.1737089201877892e-06,-1.2820512820512852e-06,1.9999999999999674,0.0,0.0
291,357960000,10190.0,2111.0,2.777777777777775e-06,-6.481481481481491e-06,8.0,0.0,0.0
292,366230000,11303.0,0.0,9.578544061302819e-07,-1.6583747927031448e-06,5.411764705882363,0.0,0.0
293,366562000,1014.0,1014.0,5.250997689561091e-08,-4.145936981757936e-07,0.916666666666662,0.022684310018902303,0.0
294,366576000,10242.0,2490.0,1.2626262626262656e-06,-2.1043771043771042e-06,3.4285714285714284,0.0,0.0
295,366791000,11756.0,474.0,7.936507936507909e-06,-1.0172143974960875e-05,53.49295774647887,0.0,0.0
296,366799000,10763.0,143.0,1.7361111111111152e-06,-1.7361111111111152e-06,5.142857142857094,0.0,0.0
297,366945000,15475.0,9387.0,2.9239766081871373e-06,-4.340277777777785e-06,3.245901639344273,0.0,0.0
298,366984000,87983.0,790.0,1.3768115942028985e-05,-1.7450142450142445e-05,30.942857142857136,0.0,0.0
299,367003380,253698.0,0.0,1.1904761904761863e-05,-4.901960784313718e-06,25.714285714285715,0.0,0.0
300,367003760,448814.0,0.0,1.2992831541218637e-05,-8.196721311475405e-06,19.741935483870968,0.0,0.0
301,367070510,11921.0,1952.0,2.0424836601307187e-06,-1.984126984126984e-06,7.565217391304364,0.05075757575757567,0.0
302,367124980,1731990.0,221.0,2.3224043715846992e-05,-2.09471766848816e-05,123.97499999999998,0.0,0.0
303,367152680,6570.0,0.0,5.919854280510018e-06,-6.17283950617284e-06,19.7,0.0004344132768820576,0.0
304,367167740,4566173.0,4566173.0,6.456194718832812e-10,-1.2771392081736864e-06,7.395348837209278,9.451889880508383e-05,0.0
305,367196000,9168.0,990.0,6.944444444444461e-06,-1.068376068376071e-06,7.5,0.0,0.0
306,367218000,12820.0,5964.0,6.015569709837223e-06,-9.259259259259227e-06,45.68674698795184,0.0,0.0
307,367330610,1457549.0,0.0,1.4472455648926238e-05,-1.593806921675774e-05,174.19672131147541,0.0,0.0
308,367362010,22889.0,1651.0,1.6103059581320466e-06,-2.923976608187124e-06,8.400000000000032,0.0,0.0
309,367486370,81380.0,589.0,1.6323024054982814e-05,-2.185792349726776e-05,117.58441558441562,0.0,0.0
310,367533290,2159038.0,1199.0,2.5252525252525253e-05,-2.7391975308641977e-05,205.80000000000004,0.0,0.0
311,367535950,13519.0,5201.0,1.6103059581320466e-06,-2.7777777777777677e-06,4.608695652173911,0.0,0.0
312,367641230,1051353.0,66.0,9.25925925925931e-06,-2.2727272727272692e-05,30.0,0.0,0.0
313,367662660,34380.0,660.0,5.930087390761549e-06,-5.46448087431694e-06,29.21311475409836,0.0,0.0
314,367662790,120.0,0.0,0.00013697318007662834,-8.037340619307832e-05,3.517241379310341,0.002153975793744698,0.0
315,367671020,1289.0,0.0,8.950617283950613e-06,-1.1111111111111112e-05,5.333333333333333,0.000506379119941819,0.0
316,367692620,760537.0,0.0,9.12698412698413e-06,-1.3532763532763535e-05,53.6470588235294,0.0,0.0
317,367765630,9660.0,9660.0,6.704980842911879e-06,-3.08641975308642e-06,9.933333333333318,0.0,0.0
318,367774490,19229.0,6780.0,4.273504273504274e-06,-2.5641025641025703e-06,29.353846153846167,0.0,0.0
319,367782370,36703.0,0.0,9.259259259259227e-06,-7.201646090534977e-06,17.33333333333333,0.0,0.0
320,367851000,3829.0,3829.0,7.936507936507979e-07,-1.001821493624772e-05,42.98360655737703,0.0,0.0
321,368044020,455.0,0.0,0.00014799635701275046,-4.780801209372638e-05,124.32786885245903,0.09952108398551573,0.0
322,368305000,7440.0,204.0,8.417508417508387e-07,-1.0683760683760583e-06,0.9999999999999948,0.0,0.0
323,368786000,1097.0,702.0,2.3148148148148203e-06,-3.787878787878782e-06,31.090909090909076,0.028708133971290233,0.0
324,368926056,40339.0,3750.0,1.5180878552971579e-05,-2.4140211640211642e-05,49.18181818181818,0.0,0.0
325,368926095,9736.0,360.0,1.9503546099290777e-05,-2.03150912106136e-05,41.91304347826087,0.0,0.0
326,368926268,94560.0,132.0,3.637566137566139e-05,-3.5052910052910054e-05,99.27272727272725,0.0,0.0
327,369134000,11512.0,459.0,2.136752136752137e-06,-1.821493624772315e-06,7.27868852459014,0.0,0.0
328,369140000,16809.0,0.0,1.388888888888888e-06,-2.7777777777778173e-06,3.600000000000136,0.0,0.0
329,369155000,6750.0,6750.0,2.1604938271604916e-06,-2.2768670309653916e-06,3.63934426229507,0.0,0.0
330,369209000,10590.0,1489.0,3.4722222222222715e-06,-4.629629629629695e-06,25.500000000000043,0.0,0.0
331,369970119,624439.0,224.0,4.704301075268817e-05,-5.4761904761904746e-05,106.22950819672133,0.0,0.0
332,369970407,20576.0,4209.0,1.7255892255892255e-05,-1.893939393939394e-05,67.8,0.0,0.0
333,369970428,5478.0,883.0,4.6296296296296245e-06,-4.818594104308388e-06,8.571428571428571,0.0,0.0
334,369970573,32120.0,0.0,9.625962596259628e-06,-1.7921146953405015e-05,146.61971830985917,0.0,0.0
335,369970689,2520.0,2520.0,1.1574074074074072e-05,-4.861111111111112e-06,30.650000000000006,0.05000000000000426,0.0
336,370018000,22869.0,0.0,9.259259259259227e-07,-4.5537340619308476e-07,3.8571428571428568,0.0,0.0
337,370149000,16881.0,2440.0,9.259259259259227e-07,-2.0833333333333385e-06,5.142857142857142,0.0,0.0
338,370320000,11964.0,1308.0,8.417508417508462e-07,-8.59106529209624e-07,3.3333333333333335,0.0,0.0
339,370351000,22829.0,3450.0,2.0128824476650566e-06,-5.5555555555555355e-06,43.090909090908966,0.0,0.0
340,370361000,17545.0,432.0,4.6296296296296135e-06,-2.2222222222222244e-05,22.800000000000065,0.0,0.0
341,370485000,19381.0,1890.0,2.7777777777777677e-06,-3.5161744022503516e-06,20.354430379746823,0.0,0.0
342,370618000,15061.0,490.0,9.107468123861534e-07,-9.363295880149835e-07,5.806451612903227,0.0,0.0
343,370697000,15571.0,0.0,2.0833333333333385e-06,-1.2077294685990296e-06,7.19999999999998,0.0025641025641024184,0.0
344,370863000,10421.0,1312.0,4.0257648953300985e-07,-4.0257648953300985e-07,2.571428571428571,0.0,0.0
345,370869000,13243.0,3060.0,2.5252525252525613e-06,-9.259259259259227e-06,16.721311475409834,0.0,0.0
346,371071000,19070.0,82.0,1.2077294685990296e-06,-1.2077294685990368e-06,6.428571428571428,0.0,0.0
347,371133000,5221.0,5221.0,3.9682539682539545e-07,-8.680555555555524e-08,0.66055045871559,0.0,0.0
348,371140000,11387.0,0.0,8.417508417508387e-07,-7.122507122507098e-07,1.7910447761194033,0.0,0.0
349,371265000,22470.0,1750.0,7.716049382716022e-07,-1.6103059581320394e-06,2.7540983606557203,0.0,0.0
350,371414000,2189860.0,0.0,4.629629629629695e-06,-3.731343283582091e-06,20.818181818181795,0.0,0.0
351,371478000,20460.0,749.0,2.5252525252525164e-06,-3.086419753086409e-06,16.394366197183103,0.0,0.0
352,371507000,17998.0,2630.0,9.107468123861534e-07,-1.1737089201877961e-06,6.0000000000000036,0.0,0.0
353,371576000,19040.0,2349.0,7.575757575757593e-06,-1.1111111111111122e-05,16.909090909090917,0.0,0.0
354,371716000,9598.0,6361.0,1.461988304093562e-06,-6.944444444444482e-07,1.7391304347826089,0.0,0.0
355,371951000,15030.0,2550.0,1.1111111111111071e-05,-3.753753753753754e-06,5.499999999999972,0.0,0.0
356,372049000,19481.0,9310.0,3.086419753086409e-06,-2.7777777777777677e-06,13.02857142857143,0.0,0.0
357,372067000,15104.0,331.0,5.050505050505077e-06,-1.984126984126987e-06,4.800000000000011,0.0,0.0
358,372192000,19770.0,1930.0,9.259259259259281e-06,-5.208333333333331e-06,25.3125,0.0,0.0
359,372346000,13771.0,683.0,5.555555555555635e-06,-2.0729684908789387e-06,8.571428571428571,0.0,0.0
360,372367000,3882.0,3882.0,2.893518518518457e-07,-1.2820512820512852e-06,1.1999999999999975,0.0,0.0
361,372390000,1769.0,1769.0,3.9682539682539545e-07,-4.553734061930767e-07,1.1304347826087056,0.0,0.0
362,372399000,5119.0,5119.0,8.417508417508387e-07,-1.5432098765432045e-06,1.1320754716981132,0.0,0.0
363,372665000,12672.0,1079.0,2.1043771043771042e-06,-3.086419753086422e-06,1.7857142857142856,0.0,0.0
364,372892000,21909.0,2379.0,1.010101010101011e-05,-5.050505050505033e-06,22.909090909090846,0.0,0.0
365,372914000,5952.0,1500.0,2.946127946127943e-06,-4.2087542087542085e-06,0.9999999999999689,0.0,0.0
366,372915000,13631.0,264.0,1.5432098765432045e-06,-1.1574074074074034e-06,2.2727272727272725,0.0,0.0
367,372934000,1870014.0,9319.0,1.1494252873563212e-06,-6.172839506172927e-07,3.7168141592920354,0.0,0.0
368,372974000,14126.0,0.0,3.873395307658256e-06,-3.858024691358025e-06,27.31578947368423,0.0,0.0
369,373004000,5899.0,846.0,1.3616557734204792e-06,-1.7094017094017033e-06,2.6557377049180353,0.0,0.0
370,373085000,13741.0,89.0,5.096839959225307e-07,-1.3888888888888839e-06,6.899999999999948,0.0,0.0
371,373119000,14514.0,1326.0,1.5432098765432318e-06,-1.7921146953404956e-06,5.0,0.0,0.0
372,373155000,20401.0,4479.0,1.9157088122605464e-06,-3.2299741602067182e-06,17.023255813953494,0.0,0.0
373,373169000,12500.0,0.0,4.0257648953300985e-07,-3.968253968254025e-07,4.14084507042254,0.004285714285714042,0.0
374,373176000,18319.0,8041.0,1.1904761904761861e-06,-7.936507936507909e-07,4.800000000000003,0.0,0.0
375,373216000,10739.0,89.0,4.0849673202614234e-07,-5.555555555555634e-07,2.608695652173913,0.0,0.0
376,373228000,11442.0,137.0,4.629629629629695e-06,-4.6296296296296135e-06,9.000000000000057,0.0,0.0
377,373254000,16941.0,5051.0,6.256256256256256e-06,-6.441223832528179e-06,10.563380281690144,0.0,0.0
378,373260000,11088.0,779.0,1.5432098765432045e-06,-1.683501683501685e-06,1.8181818181818181,0.0,0.0
379,373398000,11616.0,4248.0,1.6339869281045406e-06,-1.543209876543177e-06,11.153846153846153,0.0,0.0
380,373402000,22229.0,801.0,2.8180354267310758e-06,-4.694835680751178e-06,8.506329113924064,0.0,0.0
381,373457000,11652.0,1980.0,1.28205128205127e-06,-1.5432098765432318e-06,6.7692307692307665,0.0,0.0
382,373471000,20981.0,449.0,2.0833333333333385e-06,-3.968253968253977e-06,15.818181818181849,0.0,0.0
383,373485000,3888597.0,0.0,2.3148148148147657e-06,-1.9290123456790124e-06,3.6363636363636362,0.0,0.0
384,373508000,15090.0,0.0,4.0257648953300985e-07,-9.259259259259227e-07,1.8000000000000114,0.0,0.0
385,373519000,18981.0,2599.0,1.461988304093562e-06,-2.7777777777777677e-06,2.873239436619711,0.0,0.0
386,373556000,20500.0,0.0,1.9157088122605295e-06,-2.7777777777777677e-06,8.450704225352112,0.0,0.0
387,373649000,12894.0,343.0,2.3148148148148474e-06,-5.555555555555635e-06,4.615384615384616,0.0,0.0
388,373689000,15669.0,4369.0,1.225490196078427e-06,-1.6103059581320394e-06,3.739130434782619,0.0,0.0
389,373821000,13969.0,3762.0,7.936507936507979e-07,-3.4722222222222097e-06,3.7078651685393256,0.0,0.0
390,373932000,13104.0,0.0,3.968253968254025e-06,-2.5252525252525613e-06,1.9354838709677422,0.0,0.0
391,374275000,17911.0,3471.0,2.7777777777777677e-06,-2.7777777777778173e-06,3.3333333333333335,0.0,0.0
392,374291000,16481.0,910.0,5.69800569800569e-06,-3.1746031746031776e-06,22.923076923076888,0.0,0.0
393,374296000,16062.0,1070.0,1.9561815336463224e-06,-1.673360107095047e-06,16.340425531914892,0.0,0.0
394,374298000,11625.0,3166.0,1.1111111111111171e-05,-1.6103059581320394e-06,7.199999999999931,0.0,0.0
395,374306000,24220.0,120.0,2.777777777777778e-06,-3.086419753086409e-06,30.43750000000003,0.0,0.0
396,374335000,13020.0,1284.0,2.5252525252524715e-06,-1.543209876543218e-06,11.818181818181804,0.0,0.0
397,374353000,7898.0,7520.0,2.430555555555559e-06,-3.96825396825397e-06,25.172413793103445,0.0,0.0
398,374590000,19650.0,590.0,2.4005486968449905e-06,-5.5555555555555855e-06,4.666666666666676,0.0,0.0
399,374614000,12222.0,822.0,8.417508417508462e-07,-1.1111111111111072e-06,5.519999999999993,0.0,0.0
400,374617000,4554.0,486.0,1.1737089201877961e-06,-1.7094017094017033e-06,10.338461538461543,0.0,0.0
401,374710000,18520.0,6070.0,2.7777777777777783e-06,-2.7777777777777677e-06,15.599999999999964,0.0,0.0
402,374940000,18341.0,0.0,1.2077294685990296e-06,-2.3809523809523795e-06,2.6249999999999996,0.0,0.0
403,375817000,21440.0,720.0,1.9157088122605464e-06,-3.0864197530864636e-06,1.9090909090909092,0.0,0.0
404,377256000,4176.0,4176.0,4.901960784313737e-06,-1.28205128205127e-06,20.11764705882349,0.07692307692307254,0.0
405,382933000,7406.0,7406.0,8.856682769726246e-06,-2.5252525252525236e-06,11.746478873239429,0.02127659574467964,0.0
406,413073000,3000659.0,1037.0,6.944444444444461e-06,-4.6296296296296294e-05,40.0,0.0,0.0
407,413151000,12312.0,1691.0,3.086419753086409e-06,-2.923976608187124e-06,8.842105263157887,0.0,0.0
408,413159000,3107136.0,0.0,7.996632996632998e-06,-4.444444444444449e-05,49.199999999999925,0.0,0.0
409,413161000,3071184.0,2686.0,8.169934640522846e-06,-1.2731481481481477e-05,10.0,0.0,0.0
410,416481000,4842.0,0.0,4.7619047619047173e-07,-9.645061728395062e-07,1.1999999999999582,0.0,0.0
411,416495000,8237.0,3517.0,1.6583747927031448e-06,-1.2626262626262508e-06,30.54545454545459,0.0,0.0
412,416497000,14269.0,0.0,5.718954248366017e-06,-6.790123456790121e-06,2.8181818181818388,0.0,0.0
413,428002000,13134.0,1458.0,2.3148148148148474e-06,-3.418803418803422e-06,7.164179104477613,0.0,0.0
414,431127000,18770.0,0.0,3.831417624521076e-06,-4.6296296296296296e-06,16.19999999999999,0.0,0.0
415,431302000,268981.0,396.0,2.5252525252524715e-06,-2.620545073375262e-06,12.705882352941208,0.0,0.0
416,431868000,14429.0,720.0,4.6296296296296135e-06,-1.1574074074074073e-05,22.00000000000017,0.0,0.0
417,432666000,8820.0,6270.0,8.547008547008593e-07,-1.2626262626262582e-06,10.0,0.0,0.0
418,432926000,21159.0,0.0,1.3888888888888839e-06,-1.406469760900142e-06,5.400000000000204,0.0,0.0
419,440270000,19571.0,5698.0,1.9157088122605464e-06,-2.7777777777777677e-06,7.199999999999931,0.0,0.0
420,441718000,21282.0,0.0,3.521126760563378e-06,-3.4332084893882636e-06,16.521739130434785,0.0,0.0
421,477001700,14322.0,931.0,5.555555555555437e-06,-4.629629629629695e-06,8.999999999999773,0.0,0.0
422,477035400,8591.0,0.0,4.553734061930767e-07,-4.5537340619308476e-07,2.354430379746831,0.0,0.0
423,477043700,15519.0,0.0,9.107468123861534e-07,-3.912363067292645e-06,20.18181818181816,0.0,0.0
424,477045400,14459.0,0.0,4.553734061930767e-07,-5.611672278338975e-07,2.117647058823528,0.0,0.0
425,477065200,17454.0,805.0,1.068376068376071e-06,-2.92397660818715e-06,2.3333333333333903,0.0,0.0
426,477067700,16421.0,72.0,5.00910746812386e-06,-5.050505050505047e-06,6.60000000000005,0.0,0.0
427,477091500,17809.0,969.0,2.2768670309653916e-06,-3.561253561253561e-06,5.100000000000008,0.0,0.0
428,477102200,11892.0,2802.0,1.8155410312273154e-07,-6.613756613756649e-07,0.32010943912448514,0.0,0.0
429,477105400,33920.0,1571.0,1.2077294685990332e-06,-1.5873015873015888e-06,17.999999999999996,0.0,0.0
430,477107300,169859.0,1261.0,1.984126984126984e-06,-3.086419753086409e-06,91.57894736842105,0.0,0.0
431,477117400,3984.0,1878.0,1.0040160642570305e-06,-6.313131313131328e-07,2.6818181818181843,0.012207527975585985,0.0
432,477118200,15084.0,0.0,1.2820512820512775e-06,-1.5432098765432045e-06,6.400000000000002,0.0,0.0
433,477127900,13021.0,251.0,9.107468123861695e-07,-9.107468123861695e-07,2.8666666666666365,0.0,0.0
434,477133400,19711.0,2899.0,1.1904761904761931e-06,-2.7777777777777677e-06,7.199999999999931,0.0,0.0
435,477133500,17958.0,0.0,3.086419753086409e-06,-1.7730496453900699e-06,6.710526315789463,0.0,0.0
436,477143900,15693.0,2040.0,3.858024691358025e-06,-3.4722222222222232e-06,20.39999999999986,0.0,0.0
437,477157700,10620.0,0.0,8.417508417508536e-07,-9.259259259259308e-07,3.8181818181818077,0.0,0.0
438,477177400,14301.0,341.0,1.1904761904761861e-06,-1.1904761904761861e-06,6.911392405063287,0.0,0.0
439,477181200,12906.0,1764.0,4.629629629629531e-06,-9.259259259259391e-07,5.999999999999943,0.0,0.0
440,477183900,15360.0,2953.0,2.3148148148148275e-06,-4.6296296296296135e-06,2.571428571428669,0.0,0.0
441,477191900,18310.0,379.0,2.7777777777778173e-06,-1.5873015873015888e-06,5.999999999999943,0.0,0.0
442,477194800,11283.0,828.0,7.824726134585331e-07,-1.902587519025875e-06,2.417910447761235,0.0,0.0
443,477203100,8796.0,0.0,8.417508417508387e-07,-8.547008547008517e-07,3.4545454545454515,0.0,0.0
444,477214900,18889.0,150.0,1.1737089201877961e-06,-1.2077294685990368e-06,6.387096774193571,0.0,0.0
445,477232200,15624.0,330.0,1.5432098765432318e-06,-2.1367521367521674e-06,8.999999999999915,0.0,0.0
446,477232300,112009.0,3201.0,5.555555555555556e-06,-4.365079365079365e-06,275.99999999999994,0.0,0.0
447,477252400,21599.0,3850.0,1.2077294685990368e-06,-2.7777777777777677e-06,9.157894736842033,0.0,0.0
448,477269400,11718.0,234.0,3.36700336700337e-06,-3.36700336700337e-06,11.500000000000057,0.0,0.0
449,477271300,16222.0,0.0,1.3888888888888922e-05,-2.7777777777777847e-06,9.000000000000341,0.0,0.0
450,477271900,13296.0,1063.0,1.2437810945273662e-06,-9.259259259259227e-06,6.999999999999886,0.0,0.0
451,477286200,22900.0,4310.0,1.594896331738436e-06,-2.5252525252525164e-06,1.6363636363633882,0.0,0.0
452,477286300,13104.0,0.0,8.417508417508536e-07,-1.3661202185792382e-06,4.2680412371134056,0.0,0.0
453,477289700,15277.0,870.0,1.7361111111111203e-06,-2.109704641350216e-06,3.9999999999999147,0.0,0.0
454,477293100,972.0,144.0,8.417508417508387e-07,-3.8580246913579424e-07,2.090909090909088,0.008036910254502082,0.0
455,477293600,16991.0,0.0,3.086419753086409e-06,-2.4154589371980664e-06,15.33333333333341,0.0,0.0
456,477302700,12936.0,2502.0,1.207729468599008e-06,-8.547008547008517e-07,17.142857142857142,0.0,0.0
457,477307900,12647.0,1818.0,2.1367521367521674e-06,-2.3148148148148474e-06,26.000000000000085,0.0,0.0
458,477308700,7500.0,1135.0,8.417508417508387e-07,-4.374453193350815e-07,1.5,0.0,0.0
459,477318600,6109.0,0.0,5.096839959225307e-07,-8.653513326410492e-08,0.983606557377049,0.0,0.0
460,477319300,8922.0,5353.0,1.6835016835016774e-06,-3.3167495854062897e-06,2.6363636363636154,0.0,0.0
461,477347100,17860.0,229.0,5.555555555555536e-07,-2.3148148148148067e-06,9.999999999999991,0.0,0.0
462,477348300,8705.0,1021.0,4.553734061930686e-07,-5.72737686139746e-07,2.345454545454544,0.022429906542056073,0.0
463,477390400,11033.0,2076.0,3.968253968254025e-06,-5.555555555555635e-06,9.230769230769232,0.0,0.0
464,477392300,775.0,775.0,3.121098626716593e-07,-4.145936981757862e-07,2.0999999999999996,0.4025559105431313,0.0
465,477401600,17580.0,190.0,1.461988304093588e-06,-9.920634920634886e-07,7.145454545454543,0.0,0.0
466,477410500,16850.0,5919.0,2.5252525252525164e-06,-2.7777777777777677e-06,8.205882352941186,0.0,0.0
467,477462500,2760.0,2760.0,3.912363067292631e-07,-3.429355281207121e-07,1.25,0.0,0.0
468,477510600,11748.0,678.0,4.901960784313679e-06,-1.8518518518518454e-05,16.363636363636363,0.0,0.0
469,477518300,19996.0,1458.0,1.984126984126984e-06,-1.406469760900142e-06,5.739130434782604,0.0,0.0
470,477518600,15287.0,450.0,1.543209876543218e-06,-1.6835016835016925e-06,3.6545454545454796,0.0,0.0
471,477542400,18581.0,1511.0,8.333333333333354e-06,-6.172839506172818e-06,12.60000000000005,0.0,0.0
472,477548300,11965.0,1705.0,1.3888888888888922e-05,-9.259259259259227e-06,12.999999999999972,0.0,0.0
473,477548400,23470.0,390.0,2.7777777777777677e-06,-1.0416666666666631e-06,7.636363636363667,0.0,0.0
474,477593700,21781.0,2261.0,2.6455026455026595e-06,-2.4154589371980664e-06,11.408450704225364,0.0,0.0
475,477639300,16289.0,0.0,4.6296296296296135e-06,-9.25925925925931e-06,3.000000000000019,0.0,0.0
476,477654600,23301.0,109.0,5.5555555555555855e-06,-5.5555555555555355e-06,35.99999999999999,0.0,0.0
477,477669400,21060.0,420.0,5.050505050505033e-06,-5.050505050505077e-06,4.909090909090862,0.0,0.0
478,477684200,12168.0,342.0,1.2626262626262656e-06,-1.6583747927031448e-06,2.727272727272727,0.0,0.0
479,477694600,19931.0,610.0,9.259259259259308e-07,-8.051529790660197e-07,2.3250000000000166,0.0,0.0
480,477698700,7134.0,0.0,2.5252525252525613e-06,-3.3670033670033625e-06,2.1818181818180578,0.0,0.0
481,477700500,11920.0,8471.0,4.084967320261496e-07,-5.500550055005529e-07,2.324999999999974,0.0,0.0
482,477765800,14465.0,1116.0,4.629629629629695e-06,-3.086419753086409e-06,7.846153846153794,0.0,0.0
483,477768200,953421.0,71.0,1.7921146953405034e-06,-2.7777777777778173e-06,23.932584269662918,0.0,0.0
484,477776100,11856.0,168.0,8.417508417508387e-07,-2.3148148148148474e-06,2.1818181818183677,0.0,0.0
485,477786500,17090.0,6121.0,5.5555555555555355e-06,-3.6231884057970958e-06,23.62499999999999,0.0,0.0
486,477832300,14430.0,0.0,1.8518518518518535e-05,-3.5211267605633817e-06,10.999999999999659,0.0,0.0
487,477832900,2771.0,2771.0,4.2735042735042583e-07,-3.9682539682539545e-07,0.3230769230769244,0.0,0.0
488,477848700,3097877.0,1440.0,4.629629629629531e-06,-4.566210045662098e-06,17.67123287671233,0.0,0.0
489,477849300,2796592.0,0.0,4.629629629629695e-06,-4.629629629629641e-06,10.0,0.0,0.0
490,477900400,23309.0,4510.0,1.2626262626262626e-05,-3.6429872495446218e-06,12.000000000000014,0.0,0.0
491,477902400,13848.0,758.0,2.3148148148148067e-06,-2.136752136752137e-06,8.108108108108107,0.0,0.0
492,477913900,11560.0,10542.0,4.629629629629613e-07,-3.086419753086409e-06,10.95,0.0,0.0
493,477961600,13542.0,359.0,2.314814814814817e-06,-1.207729468599051e-06,4.545454545454545,0.0,0.0
494,477963100,17280.0,1590.0,6.944444444444419e-07,-1.3888888888889086e-06,9.333333333333334,0.0,0.0
495,518107000,28280.0,618.0,2.222222222222222e-05,-4.040404040404039e-05,35.99999999999995,0.0,0.0
496,533130869,480109.0,0.0,9.259259259259227e-06,-6.172839506172872e-06,10.124999999999998,0.0,0.0
497,538002089,19310.0,101.0,1.54320987654321e-05,-3.3167495854062977e-06,45.0,0.0,0.0
498,538002269,19789.0,790.0,3.220611916264086e-06,-2.84900284900285e-06,16.83516483516484,0.0,0.0
499,538002275,56430.0,1159.0,2.8490028490028484e-06,-6.944444444444451e-06,71.62500000000003,0.0,0.0
500,538002276,22889.0,699.0,3.831417624521076e-06,-1.2345679012345688e-05,11.25,0.0,0.0
501,538002279,64216.0,1729.0,3.567787971457697e-06,-4.850088183421519e-06,32.030769230769224,0.0,0.0
502,538002734,10945.0,70.0,2.407407407407402e-06,-4.504504504504502e-06,17.391891891891895,0.0,0.0
503,538002946,63509.0,3239.0,4.458161865569276e-06,-3.575357535753572e-06,25.124999999999993,0.0,0.0
504,538003241,25721.0,3610.0,3.888888888888885e-06,-1.3227513227513226e-05,48.57142857142857,0.0,0.0
505,538003251,21189.0,1751.0,8.051529790660269e-07,-1.1904761904761931e-06,3.7894736842104906,0.0,0.0
506,538003541,25061.0,2551.0,7.407407407407397e-06,-6.172839506172818e-06,30.0,0.0,0.0
507,538003689,19110.0,291.0,1.821493624772315e-06,-2.2768670309653916e-06,11.619047619047608,0.0,0.0
508,538003726,114608.0,1223.0,4.6296296296296135e-06,-4.428341384863123e-06,68.95652173913045,0.0,0.0
509,538003729,12085.0,96.0,4.629629629629695e-06,-3.086419753086409e-06,20.0,0.0,0.0
510,538004033,1116924.0,141.0,4.2483660130718954e-05,-2.1885521885521887e-05,33.79746835443038,0.0,0.0
511,538004260,7511.0,7511.0,3.4722222222222097e-07,-3.561253561253612e-07,1.967213114754098,0.0,0.0
512,538004319,274677.0,1260.0,4.761904761904762e-06,-6.944444444444444e-06,43.02857142857144,0.0,0.0
513,538004408,4400.0,4400.0,3.912363067292631e-07,-4.0257648953300985e-07,0.5915492957746623,0.04871447902570996,0.0
514,538004478,15161.0,161.0,3.086419753086409e-06,-2.5252525252525164e-06,19.200000000000014,0.0,0.0
515,538004576,909365.0,251.0,6.944444444444445e-06,-8.620689655172414e-06,57.71739130434782,0.0,0.0
516,538004652,15409.0,2150.0,3.64298724954463e-06,-2.777777777777778e-06,10.33333333333334,0.0,0.0
517,538004795,20541.0,8651.0,1.5873015873015852e-06,-2.738654147104852e-06,2.782608695652214,0.0,0.0
518,538004924,17575.0,1229.0,2.5252525252525164e-06,-1.9561815336463224e-06,4.285714285714286,0.0,0.0
519,538005174,16479.0,1849.0,1.6339869281045765e-06,-2.7777777777777677e-06,11.63636363636363,0.0,0.0
520,538005188,21910.0,3599.0,9.259259259259259e-06,-8.95061728395062e-06,28.775510204081634,0.0,0.0
521,538005255,13470.0,1880.0,4.6296296296296135e-06,-4.6296296296296135e-06,2.608695652173913,0.0,0.0
522,538005257,4764.0,1824.0,4.629629629629613e-07,-8.417508417508462e-07,1.6666666666666667,0.0,0.0
523,538005320,1137669.0,1056.0,2.083333333333332e-06,-2.3148148148148067e-06,7.636363636363637,0.0,0.0
524,538005412,918276.0,250.0,1.7676767676767703e-05,-1.1111111111111122e-05,7.800000000000067,0.0,0.0
525,538005413,15578.0,1960.0,5.050505050505033e-06,-6.218905472636816e-06,4.199999999999931,0.0,0.0
526,538005424,13951.0,0.0,1.1904761904761931e-06,-2.7777777777777677e-06,9.442622950819665,0.0,0.0
527,538005425,18069.0,982.0,3.086419753086409e-06,-5.5555555555555855e-06,21.464788732394396,0.0,0.0
528,538005452,15012.0,935.0,2.7777777777777677e-06,-4.6296296296296135e-06,5.0,0.0,0.0
529,538005604,13250.0,8399.0,3.9682539682539545e-07,-4.553734061930767e-07,2.3142857142857043,0.0,0.0
530,538005626,5718.0,5718.0,8.417508417508536e-07,-1.141552511415528e-06,1.8461538461538463,0.0,0.0
531,538005654,66900.0,1749.0,8.333333333333329e-06,-2.469135802469136e-05,53.39999999999986,0.0,0.0
532,538005692,16199.0,0.0,1.1737089201877961e-06,-1.3888888888888902e-06,4.484848484848471,0.0,0.0
533,538005702,21050.0,1929.0,4.629629629629655e-06,-1.225490196078427e-06,3.1500000000000123,0.0,0.0
534,538005710,13910.0,5600.0,1.2077294685990368e-06,-1.5873015873015888e-06,2.5312499999999893,0.0,0.0
535,538005777,20610.0,1390.0,2.7777777777777677e-06,-4.6296296296296135e-06,5.399999999999863,0.0,0.0
536,538005802,1083191.0,100.0,5.050505050505033e-06,-4.513888888888885e-06,22.39603960396039,0.0,0.0
537,538005803,24919.0,1491.0,2.923976608187124e-06,-5.477308294209704e-06,12.455696202531628,0.0,0.0
538,538005910,16434.0,498.0,1.2345679012345688e-05,-5.050505050505033e-06,21.999999999999982,0.0,0.0
539,538006001,1551.0,1551.0,1.9984012789768113e-07,-7.936507936507979e-07,3.9428571428571377,0.09979209979209766,0.0
540,538006054,1707453.0,239.0,2.3148148148148474e-06,-3.968253968253962e-06,21.33333333333334,0.0,0.0
541,538006091,23369.0,1951.0,1.5649452269170593e-06,-8.333333333333305e-06,13.200000000000015,0.0,0.0
542,538006108,6368.0,990.0,1.4029180695847364e-06,-1.5649452269170593e-06,0.8695652173913044,0.0,0.0
543,538006167,545135.0,1800.0,4.6296296296296135e-06,-5.050505050505055e-06,10.285714285714432,0.0,0.0
544,538006210,282051.0,5549.0,8.333333333333335e-06,-7.048092868988388e-06,203.99999999999997,0.0,0.0
545,538006227,14802.0,1170.0,7.716049382715885e-07,-8.417508417508387e-07,4.909090909090939,0.0,0.0
546,538006271,9308.0,0.0,1.0593220338983055e-06,-3.96825396825397e-06,31.33333333333331,0.0,0.0
547,538006371,17250.0,5780.0,3.086419753086409e-06,-1.3888888888888839e-06,5.739130434782604,0.0,0.0
548,538006424,21740.0,1618.0,5.050505050505033e-06,-8.333333333333354e-06,10.173913043478251,0.0,0.0
549,538006597,20791.0,0.0,1.3888888888889086e-06,-6.858710562414302e-07,3.6521739130434936,0.0,0.0
550,538006600,16599.0,3740.0,8.960573476702478e-07,-6.172839506172872e-07,5.828571428571426,0.0,0.0
551,538006625,10560.0,1989.0,2.777777777777775e-06,-1.388888888888889e-05,9.599999999999964,0.004197271773347384,0.0
552,538006708,24901.0,3180.0,1.2077294685990368e-06,-1.9290123456790124e-06,11.600000000000023,0.0,0.0
553,538006802,16672.0,1259.0,2.5252525252525164e-06,-8.051529790660269e-07,2.535211267605634,0.0,0.0
554,538006820,15000.0,280.0,1.322751322751318e-06,-1.3888888888888839e-06,4.575000000000016,0.0,0.0
555,538006837,11723.0,1451.0,3.1746031746031776e-06,-1.1111111111111171e-05,34.80000000000006,0.0,0.0
556,538006861,23880.0,4411.0,3.086419753086409e-06,-1.3888888888888902e-06,12.666666666666705,0.0,0.0
557,538007042,16436.0,1109.0,2.7777777777777677e-06,-2.2768670309653916e-06,40.79999999999989,0.0,0.0
558,538007093,15081.0,3880.0,3.968253968254025e-06,-2.7777777777777677e-06,9.428571428571429,0.0,0.0
559,538007104,20389.0,441.0,7.30994152046781e-07,-3.086419753086409e-06,2.100000000000008,0.0,0.0
560,538007121,19690.0,461.0,1.7921146953405115e-06,-9.259259259259281e-06,8.727272727272696,0.0,0.0
561,538007127,5773052.0,5773052.0,2.2401433691756272e-06,-3.96825396825397e-06,28.258064516129025,0.0,0.0
562,538007170,13599.0,70.0,8.169934640522847e-07,-7.936507936507909e-07,1.9200000000000104,0.0,0.0
563,538007238,18691.0,1411.0,2.5252525252525164e-06,-2.7777777777777677e-06,5.999999999999969,0.0,0.0
564,538007240,20741.0,5680.0,2.7777777777777677e-06,-3.187613843351545e-06,22.666666666666895,0.0,0.0
565,538007273,13081.0,0.0,1.3717421124828543e-06,-2.7777777777777677e-06,2.6571428571428766,0.0,0.0
566,538007347,22531.0,262.0,1.054852320675108e-06,-2.1645021645021635e-06,19.402597402597408,0.0,0.0
567,538007397,1132772.0,1830.0,5.5555555555555355e-06,-3.7615740740740746e-06,85.71428571428571,0.0,0.0
568,538007449,15040.0,2981.0,2.3148148148148135e-06,-3.6764705882352955e-06,11.382352941176476,0.0,0.0
569,538007475,16319.0,4179.0,1.322751322751318e-06,-3.086419753086409e-06,7.200000000000101,0.0,0.0
570,538007545,12293.0,0.0,9.680134680134682e-06,-1.153846153846155e-05,2.4590163934426226,0.0,0.0
571,538007573,8026.0,0.0,1.543209876543211e-06,-1.8664909969257807e-06,3.1578947368421053,0.0,0.0
572,538007588,17550.0,1100.0,1.461988304093562e-06,-3.4722222222222715e-06,7.5,0.0,0.0
573,538007611,13746.0,0.0,1.2437810945273588e-06,-2.3148148148148203e-06,2.5,0.0,0.0
574,538007673,2090.0,2090.0,1.984126984126984e-06,-1.6103059581320466e-06,9.514285714285714,1.2000000000000075,0.0
575,538007675,12738.0,894.0,6.944444444444442e-06,-1.6339869281045406e-06,7.5,0.0,0.0
576,538007693,15647.0,264.0,8.417508417508462e-07,-2.3148148148148067e-06,4.000000000000057,0.0,0.0
577,538007718,8799.0,440.0,3.912363067292631e-07,-4.0257648953300985e-07,3.7499999999999996,0.0,0.0
578,538007734,16481.0,0.0,3.912363067292631e-07,-7.032348804500678e-07,3.8518518518518543,0.0,0.0
579,538007842,1260.0,1260.0,1.8395879323031903e-07,0.0,0.5562913907284791,0.015604681404421549,0.0
580,538007939,11778.0,4708.0,2.1043771043771042e-06,-5.555555555555635e-06,11.999999999999998,0.0,0.0
581,538008010,23489.0,350.0,1.7146776406035665e-06,-2.7777777777778173e-06,8.0,0.0,0.0
582,538008031,19050.0,7340.0,2.7777777777778173e-06,-1.984126984126984e-06,7.199999999999931,0.0,0.0
583,538008060,19960.0,409.0,2.5252525252525164e-06,-2.7777777777777677e-06,12.295081967213113,0.0,0.0
584,538008341,3411.0,0.0,3.968253968254025e-07,-3.968253968254025e-07,3.2571428571428545,0.0011735941320293148,0.0
585,538008556,15005.0,66.0,1.1111111111111267e-06,-3.968253968253884e-06,8.571428571428571,0.0,0.0
586,538008593,11478.0,1830.0,2.3148148148148275e-06,-2.1043771043771042e-06,1.3846153846153932,0.0,0.0
587,538008632,14809.0,2980.0,1.388888888888888e-05,-6.172839506172872e-06,24.666666666666686,0.0,0.0
588,538008657,14559.0,0.0,3.429355281207182e-07,-3.968253968254025e-07,0.46666666666665907,0.008666666666666647,0.0
589,538008734,19028.0,731.0,3.1746031746031776e-06,-3.28282828282828e-05,12.000000000000092,0.0,0.0
590,548899000,4840.0,210.0,3.0448717948717953e-06,-3.163305654408857e-06,8.412811387900355,0.01621621621621606,0.0
591,548944000,5708.0,5708.0,9.157509157509179e-07,-4.629629629629654e-07,0.8727272727272851,0.0,0.0
592,548946000,29220.0,0.0,6.172839506172818e-06,-7.93650793650794e-06,30.9375,0.0,0.0
593,548982000,17900.0,220.0,2.7777777777778173e-06,-1.5873015873015888e-06,2.3661971830986013,0.0,0.0
594,548996000,22550.0,120.0,9.107468123861615e-07,-1.2077294685990368e-06,7.333333333333296,0.0,0.0
595,563006800,10404.0,396.0,2.7777777777777847e-06,-2.946127946127943e-06,2.5999999999999943,0.0,0.0
596,563033900,18111.0,1709.0,1.9157088122605464e-06,-2.7777777777777805e-06,4.000000000000057,0.0,0.0
597,563050800,18502.0,2850.0,7.936507936507979e-07,-1.1737089201877961e-06,2.9999999999999996,0.0,0.0
598,563063200,6863.0,5316.0,9.107468123861534e-07,-9.107468123861534e-07,3.500000000000014,0.0,0.0
599,563069500,10619.0,2880.0,8.417508417508536e-07,-8.547008547008517e-07,17.00000000000003,0.0,0.0
600,563071900,17637.0,70.0,2.3148148148148474e-06,-5.5555555555555355e-06,4.4210526315789656,0.0,0.0
601,563072500,11238.0,3093.0,8.051529790660269e-07,-6.944444444444543e-07,1.6363636363636982,0.0,0.0
602,563077200,21582.0,699.0,9.259259259259227e-07,-1.1737089201877961e-06,3.2000000000000077,0.0,0.0
603,563079400,11270.0,4340.0,1.3888888888888839e-06,-1.0416666666666693e-06,4.349999999999965,0.0,0.0
604,563081400,17192.0,0.0,3.0864197530864636e-06,-1.7921146953405115e-06,4.43478260869566,0.0,0.0
605,563082600,20811.0,9762.0,1.461988304093588e-06,-1.6103059581320466e-06,6.521739130434783,0.0,0.0
606,563084400,9720.0,2640.0,3.9123630672927006e-07,-3.8580246913580795e-07,1.4366197183098615,0.0,0.0
607,563084500,15119.0,192.0,9.25925925925931e-06,-6.944444444444461e-06,24.782608695652172,0.0,0.0
608,563084600,11829.0,829.0,8.680555555555524e-07,-1.1574074074074034e-06,5.437500000000011,0.0,0.0
609,563084700,20019.0,2379.0,1.1904761904761861e-06,-2.0424836601307187e-06,3.5999999999999654,0.0,0.0
610,563091600,5620.0,5620.0,4.553734061930767e-07,-4.0257648953300985e-07,1.8333333333333477,0.04316546762589683,0.0
611,563094500,17592.0,501.0,2.3148148148148275e-06,-2.3148148148148474e-06,2.8181818181818126,0.0,0.0
612,563095600,14430.0,414.0,2.9461279461279507e-06,-7.5757575757575485e-06,15.0,0.0,0.0
613,563097200,21251.0,1340.0,2.0128824476650566e-06,-3.086419753086409e-06,14.84210526315786,0.0,0.0
614,563247000,11615.0,0.0,1.5432098765432045e-06,-3.08641975308642e-06,2.0000000000001705,0.0,0.0
615,563361000,12300.0,0.0,8.417508417508387e-07,-4.629629629629695e-06,6.000000000000227,0.0,0.0
616,563584000,11514.0,3048.0,4.5537340619308476e-07,-1.1737089201877961e-06,1.967213114754098,0.0,0.0
617,563591000,124230.0,2032.0,3.0864197530864187e-06,-4.340277777777778e-06,84.85714285714282,0.0,0.0
618,563624000,20379.0,300.0,8.333333333333354e-06,-2.5252525252525164e-06,7.885714285714299,0.0,0.0
619,564014000,5689.0,840.0,8.051529790660197e-07,-7.936507936507909e-07,6.675000000000003,0.0465116279069741,0.0
620,564295000,19812.0,2251.0,1.0416666666666631e-06,-2.7777777777777677e-06,6.733812949640286,0.0,0.0
621,564335000,15510.0,0.0,1.0416666666666693e-06,-1.1904761904761861e-06,6.59154929577461,0.0,0.0
622,564442000,10800.0,1002.0,4.629629629629695e-06,-1.6666666666666508e-05,10.0,0.0,0.0
623,564452000,19401.0,650.0,2.5252525252525164e-06,-2.170138888888889e-06,19.31250000000002,0.0,0.0
624,564693000,21691.0,1901.0,1.461988304093562e-06,-2.7777777777777677e-06,11.419354838709662,0.0,0.0
625,564738000,19332.0,774.0,3.086419753086409e-06,-1.1111111111111122e-05,20.0,0.0,0.0
626,564875000,17210.0,0.0,5.5555555555555855e-06,-1.7361111111111112e-06,6.891089108910887,0.0,0.0
627,565028000,3739.0,821.0,3.8580246913580795e-07,-8.771929824561424e-07,0.8210526315789456,0.0,0.0
628,565397000,15810.0,2238.0,1.2626262626262656e-06,-2.3148148148148067e-06,3.245901639344245,0.0,0.0
629,565559000,12858.0,882.0,1.6583747927031448e-06,-2.3148148148148067e-06,10.909090909090908,0.0,0.0
630,565565000,3057823.0,384.0,4.629629629629695e-06,-3.968253968254025e-06,11.666666666666668,0.0,0.0
631,565671000,7729.0,4140.0,7.936507936507979e-07,-8.051529790660269e-07,2.142857142857144,0.0,0.0
632,565831000,18520.0,7109.0,3.5714285714285726e-06,-4.42834138486313e-06,7.411764705882367,0.0,0.0
633,566240000,22681.0,892.0,2.5252525252525164e-06,-3.086419753086409e-06,11.39240506329114,0.0,0.0
634,566366000,28410.0,1320.0,2.7777777777778173e-06,-4.350736278447118e-06,19.6875,0.0,0.0
635,566645000,13740.0,4260.0,8.250825082508223e-07,-1.461988304093562e-06,2.8148148148148024,0.0,0.0
636,566673000,12210.0,84.0,1.1574074074074034e-06,-1.9290123456790124e-06,9.000000000000341,0.0,0.0
637,566704000,10632.0,847.0,2.415458937198059e-06,-4.629629629629695e-06,16.999999999999886,0.0,0.0
638,566708000,19789.0,1190.0,2.4509803921568683e-06,-2.7386541471048486e-06,10.800000000000018,0.0,0.0
639,566732000,12498.0,3335.0,4.629629629629695e-06,-2.136752136752091e-06,10.999999999999943,0.0,0.0
640,566794000,13823.0,0.0,4.629629629629695e-06,-4.629629629629695e-06,11.000000000000227,0.0,0.0
641,566958000,11574.0,66.0,1.2183235867446392e-06,-1.6835016835016925e-06,2.727272727272727,0.0,0.0
642,567105000,15791.0,3500.0,1.3888888888888839e-06,-1.1904761904761861e-06,2.162162162162162,0.0,0.0
643,636010789,15690.0,3740.0,2.5252525252525164e-06,-3.086419753086409e-06,13.333333333333334,0.0,0.0
644,636012629,21981.0,2080.0,1.6103059581320466e-06,-2.6455026455026595e-06,6.666666666666667,0.0,0.0
645,636013522,1351.0,143.0,4.2735042735041826e-07,-3.5612535612534853e-07,0.9230769230769231,0.0,0.0
646,636013614,14836.0,0.0,2.777777777777782e-06,-3.0864197530864636e-06,6.666666666666667,0.0,0.0
647,636013644,9708.0,0.0,1.5432098765432318e-06,-3.4722222222221894e-06,8.500000000000014,0.0,0.0
648,636014128,34861.0,6200.0,3.278122843340234e-06,-3.0864197530864187e-06,24.000000000000014,0.0,0.0
649,636014222,14629.0,0.0,2.3148148148147657e-06,-3.968253968254025e-06,11.999999999999998,0.0,0.0
650,636014645,13535.0,1866.0,4.6296296296296135e-06,-1.709401709401711e-06,2.9999999999998295,0.0,0.0
651,636014804,15450.0,0.0,1.3888888888888839e-06,-2.3809523809523863e-06,3.310344827586254,0.0,0.0
652,636015173,2209.0,2209.0,1.0156408693885986e-07,-4.208754208754119e-07,2.608695652173913,0.0,0.0
653,636015174,156795.0,1207.0,2.777777777777778e-05,-1.6283524904214563e-05,135.33333333333343,0.0,0.0
654,636015175,21482.0,1520.0,5.5555555555555355e-06,-1.1574074074074073e-05,9.499999999999886,0.0,0.0
655,636015177,185181.0,2121.0,2.3148148148148147e-05,-1.1839708561020036e-05,56.39999999999986,0.0,0.0
656,636015370,10357.0,870.0,1.2820512820512852e-06,-5.555555555555437e-06,7.208333333333338,0.0,0.0
657,636015604,12468.0,30.0,2.3148148148147657e-06,-1.4619883040935362e-06,3.9999999999999147,0.0,0.0
658,636015659,2983.0,2983.0,8.547008547008517e-07,-8.417508417508387e-07,5.999999999999996,0.0,0.0
659,636015771,15960.0,578.0,1.6339869281045693e-06,-1.6583747927031599e-06,6.357615894039729,0.0,0.0
660,636015860,6655.0,96.0,1.2626262626262656e-06,-2.1043771043771042e-06,8.400000000000544,0.0,0.0
661,636016109,10910.0,10910.0,2.6709401709401614e-08,-1.6529472048662705e-08,0.3474387527839674,0.011538461538460883,0.0
662,636016305,11521.0,0.0,8.547008547008517e-07,-9.259259259259391e-07,2.571428571428567,0.0,0.0
663,636016740,20371.0,816.0,2.1097046413502097e-06,-5.050505050505077e-06,10.0,0.0,0.0
664,636016820,17330.0,2979.0,5.0860719874804375e-06,-3.187613843351545e-06,18.857142857142858,0.0,0.0
665,636016891,30590.0,0.0,1.6103059581320466e-06,-3.086419753086421e-06,19.20000000000027,0.0,0.0
666,636017035,9871.0,9871.0,1.36612021857923e-06,-2.0128824476650566e-06,2.1739130434782488,0.0,0.0
667,636017082,80410.0,139.0,5.050505050505052e-06,-6.172839506172831e-06,87.33333333333348,0.0,0.0
668,636017100,20940.0,5451.0,8.169934640522847e-07,-2.7777777777778173e-06,5.249999999999915,0.0,0.0
669,636017269,46760.0,70.0,3.9682539682539655e-06,-1.388888888888889e-05,65.99999999999999,0.0,0.0
670,636017277,19858.0,621.0,3.4722222222222097e-06,-7.936507936507979e-07,4.200000000000016,0.0,0.0
671,636017294,16592.0,9618.0,2.1367521367521674e-06,-4.303599374021911e-06,12.272727272727272,0.0,0.0
672,636017414,18210.0,4449.0,1.3888888888888839e-06,-2.7777777777778173e-06,3.758490566037736,0.0,0.0
673,636017503,19361.0,2560.0,5.5555555555555855e-06,-9.259259259259227e-07,6.315789473684211,0.0,0.0
674,636017643,11125.0,673.0,4.629629629629695e-06,-4.145936981757877e-06,13.611940298507468,0.0,0.0
675,636017745,18277.0,0.0,9.259259259259282e-07,-1.2626262626262618e-06,2.873239436619723,0.0,0.0
676,636017753,3041532.0,0.0,8.680555555555473e-07,-3.333333333333341e-06,4.298507462686578,0.0,0.0
677,636017767,9187.0,5724.0,1.2820512820512852e-06,-4.6296296296296135e-06,2.9999999999999716,0.0,0.0
678,636017857,3278.0,2608.0,6.944444444444419e-07,-5.592841163310942e-07,1.9500000000000028,0.029268292682925166,0.0
679,636017859,17510.0,220.0,6.944444444444481e-06,-9.259259259259227e-06,10.499999999999972,0.0,0.0
680,636017982,22100.0,1460.0,3.584229390681007e-06,-1.2077294685990368e-06,7.078651685393258,0.0,0.0
681,636018037,14401.0,175.0,5.555555555555635e-06,-5.555555555555635e-06,6.499999999999986,0.0,0.0
682,636018038,15443.0,528.0,8.547008547008669e-07,-9.107468123861534e-07,2.492307692307682,0.0,0.0
683,636018067,15209.0,2710.0,7.936507936507909e-07,-1.054852320675108e-06,3.16363636363637,0.0040844111640581104,0.0
684,636018102,12709.0,204.0,2.3148148148148474e-06,-4.629629629629695e-06,10.0,0.0,0.0
685,636018139,16210.0,2079.0,1.388888888888891e-06,-5.617977528089887e-06,12.134831460674157,0.0,0.0
686,636018142,20630.0,2262.0,4.830917874396133e-06,-1.5624999999999997e-05,60.37499999999999,0.0,0.0
687,636018146,1982.0,0.0,3.968253968254025e-07,-8.051529790660269e-07,5.914285714285694,0.008304195804195953,0.0
688,636018168,16309.0,0.0,9.982101060167976e-07,-1.1168384879725086e-06,2.4657534246575343,0.0,0.0
689,636018308,2051080.0,7381.0,9.259259259259281e-06,-8.333333333333305e-06,23.68421052631579,0.0,0.0
690,636018341,14730.0,325.0,4.629629629629695e-06,-6.313131313131313e-06,8.83516483516482,0.0,0.0
691,636018385,11898.0,0.0,4.629629629629695e-06,-4.5537340619308476e-07,5.999999999999943,0.0,0.0
692,636018471,3022143.0,822.0,4.6296296296296135e-06,-2.6041666666666653e-06,12.290322580645165,0.0,0.0
693,636018541,10188.0,0.0,3.086419753086409e-06,-1.6835016835016774e-06,5.820895522388061,0.0,0.0
694,636018640,50211.0,18240.0,5.555555555555555e-06,-6.704980842911874e-06,113.33333333333334,0.0,0.0
695,636018724,3719.0,106.0,1.3717421124828484e-06,-1.1904761904761931e-06,1.2258064516128886,0.005460863809366227,0.0
696,636018760,17276.0,2237.0,2.4154589371980664e-06,-3.346720214190094e-06,10.050000000000011,0.0,0.0
697,636018807,11471.0,1698.0,4.629629629629613e-07,-8.25082508250827e-07,3.207920792079211,0.0,0.0
698,636018830,18750.0,169.0,2.6455026455026595e-06,-2.7777777777777847e-06,10.736842105263177,0.0,0.0
699,636018898,19168.0,380.0,6.172839506172872e-06,-1.2345679012345688e-05,35.40000000000003,0.0,0.0
700,636018899,859467.0,0.0,1.0416666666666692e-05,-1.010101010101011e-05,26.999999999999957,0.0,0.0
701,636019186,16481.0,1901.0,9.259259259259263e-06,-8.064516129032262e-06,59.39999999999986,0.0,0.0
702,636019213,9930.0,4590.0,4.629629629629531e-06,-1.821493624772323e-06,11.999999999999886,0.0,0.0
703,636019264,19491.0,1799.0,2.5252525252525164e-06,-5.050505050505077e-06,5.114754098360644,0.0,0.0
704,636019356,15171.0,558.0,2.5252525252525164e-06,-3.086419753086409e-06,7.349999999999997,0.0,0.0
705,636019388,20790.0,1372.0,2.5252525252525164e-06,-2.7777777777777677e-06,11.48571428571429,0.0,0.0
706,636019410,20320.0,3080.0,1.461988304093562e-06,-1.2254901960784342e-06,3.3333333333333335,0.0,0.0
707,636019434,16907.0,0.0,4.629629629629695e-06,-6.944444444444461e-06,15.0,0.0,0.0
708,636019538,17147.0,270.0,2.7777777777777847e-06,-1.6583747927031448e-06,5.999999999999969,0.0,0.0
709,636019715,6492.0,65.0,4.2087542087541935e-07,-4.5537340619308476e-07,2.112676056338028,0.0,0.0
710,636019751,10074.0,3252.0,8.547008547008517e-07,-4.2735042735043345e-07,7.690140845070418,0.0,0.0
711,636019760,12276.0,1314.0,4.629629629629695e-06,-2.5252525252525313e-06,13.272727272727279,0.0,0.0
712,636090966,8839.0,0.0,8.417508417508387e-07,-1.5432098765432318e-06,4.0,0.0,0.0
713,636091231,10837.0,1571.0,1.9157088122605638e-06,-2.710027100271017e-06,2.1081081081081265,0.0,0.0
714,636091445,11371.0,0.0,3.968253968254025e-06,-5.555555555555437e-06,23.999999999999996,0.0,0.0
715,636091610,2921773.0,937.0,2.5773195876288668e-06,-2.3148148148148474e-06,9.333333333333183,0.0,0.0
716,636091644,22169.0,0.0,3.086419753086409e-06,-1.984126984126984e-06,14.666666666666591,0.0,0.0
717,636091744,9636.0,570.0,4.629629629629531e-06,-2.5252525252525613e-06,15.0,0.0,0.0
718,636091933,15334.0,223.0,4.62962962962963e-06,-7.028112449799196e-06,44.189189189189186,0.0,0.0
719,636092331,17515.0,3750.0,1.1904761904761934e-05,-9.259259259259227e-06,7.714285714285763,0.0,0.0
720,636092597,12519.0,499.0,1.1904761904761861e-06,-1.5432098765432045e-06,3.7714285714286,0.0,0.0
721,636092604,12005.0,1103.0,3.418803418803422e-06,-3.64298724954463e-06,10.0,0.0,0.0
722,636092682,3061404.0,948.0,6.864623243933589e-06,-5.274261603375527e-06,20.32258064516129,0.0,0.0
723,636092738,12369.0,0.0,1.4245014245014195e-06,-5.5555555555555355e-06,2.9999999999999996,0.0,0.0
724,636092775,8700.0,0.0,4.2735042735043345e-07,-7.716049382716159e-07,1.6363636363636336,0.0,0.0
725,636092799,12593.0,66.0,5.555555555555635e-06,-7.28597449908926e-06,8.400000000000032,0.0,0.0
726,636092848,3019342.0,0.0,6.944444444444543e-06,-7.4074074074074464e-06,10.285714285714285,0.0,0.0
727,636092872,15630.0,264.0,1.1574074074074101e-06,-1.6835016835016774e-06,7.2727272727272725,0.0,0.0
728,636092883,11945.0,0.0,3.968253968254025e-06,-3.3068783068783066e-06,6.986301369863014,0.0,0.0
729,636092895,15223.0,1008.0,1.543209876543211e-06,-2.6455026455026476e-06,5.835616438356137,0.0,0.0
730,636092896,7236.0,4998.0,1.4619883040935362e-06,-8.547008547008517e-07,4.090909090909091,0.0,0.0
731,636092898,16877.0,0.0,1.1904761904761863e-05,-3.2679738562091675e-06,50.57142857142862,0.0,0.0
732,642122014,18360.0,760.0,4.970760233918129e-06,-6.651017214397497e-06,51.74999999999999,0.0,0.0
